"американская";"северо-американская";3
"американская";"центрально-американская";2
"американская";"южно-американская";1
"американски";"северо-американски";3
"американски";"центрально-американски";2
"американски";"южно-американски";1
"американский";"северо-американский";3
"американский";"центрально-американский";2
"американский";"южно-американский";1
"американское";"северо-американское";3
"американское";"центрально-американское";2
"американское";"южно-американское";1
"американской";"северо-американской";3
"американской";"центрально-американской";2
"американской";"южно-американской";1
"американском";"северо-американском";3
"американском";"центрально-американском";2
"американском";"южно-американском";1
"американскому";"северо-американскому";3
"американскому";"центрально-американскому";2
"американскому";"южно-американскому";1
"американские";"северо-американские";3
"американские";"центрально-американские";2
"американские";"южно-американские";1
"американскими";"северо-американскими";3
"американскими";"центрально-американскими";2
"американскими";"южно-американскими";1
"американских";"северо-американских";3
"американских";"центрально-американских";2
"американских";"южно-американских";1
"аналогичная";"примерно-аналогичная";4
"аналогичная";"приближенно-аналогичная";3
"аналогичная";"приблизительно-аналогичная";2
"аналогичная";"очевидно-аналогичная";1
"аналогичное";"примерно-аналогичное";4
"аналогичное";"приближенно-аналогичное";3
"аналогичное";"приблизительно-аналогичное";2
"аналогичное";"очевидно-аналогичное";1
"аналогично";"примерно-аналогично";4
"аналогично";"приближенно-аналогично";3
"аналогично";"приблизительно-аналогично";2
"аналогично";"очевидно-аналогично";1
"аналогичной";"примерно-аналогичной";4
"аналогичной";"приближенно-аналогичной";3
"аналогичной";"приблизительно-аналогичной";2
"аналогичной";"очевидно-аналогичной";1
"аналогичному";"примерно-аналогичному";4
"аналогичному";"приближенно-аналогичному";3
"аналогичному";"приблизительно-аналогичному";2
"аналогичному";"очевидно-аналогичному";1
"аналогичные";"примерно-аналогичные";4
"аналогичные";"приближенно-аналогичные";3
"аналогичные";"приблизительно-аналогичные";2
"аналогичные";"очевидно-аналогичные";1
"аналогичный";"примерно-аналогичный";4
"аналогичный";"приближенно-аналогичный";3
"аналогичный";"приблизительно-аналогичный";2
"аналогичный";"очевидно-аналогичный";1
"аналогичным";"примерно-аналогичным";4
"аналогичным";"приближенно-аналогичным";3
"аналогичным";"приблизительно-аналогичным";2
"аналогичным";"очевидно-аналогичным";1
"аналогичными";"примерно-аналогичными";4
"аналогичными";"приближенно-аналогичными";3
"аналогичными";"приблизительно-аналогичными";2
"аналогичными";"очевидно-аналогичными";1
"аналогичных";"примерно-аналогичных";4
"аналогичных";"приближенно-аналогичных";3
"аналогичных";"приблизительно-аналогичных";2
"аналогичных";"очевидно-аналогичных";1
"ангельская";"чисто-ангельская";3
"ангельская";"светло-ангельская";2
"ангельская";"бело-ангельская";1
"ангельские";"чисто-ангельские";3
"ангельские";"светло-ангельские";2
"ангельские";"бело-ангельские";1
"ангельский";"чисто-ангельский";3
"ангельский";"светло-ангельский";2
"ангельский";"бело-ангельский";1
"ангельское";"чисто-ангельское";3
"ангельское";"светло-ангельское";2
"ангельское";"бело-ангельское";1
"ангельским";"чисто-ангельским";3
"ангельским";"светло-ангельским";2
"ангельским";"бело-ангельским";1
"ангельских";"чисто-ангельских";3
"ангельских";"светло-ангельских";2
"ангельских";"бело-ангельских";1
"ангельском";"чисто-ангельском";3
"ангельском";"светло-ангельском";2
"ангельском";"бело-ангельском";1
"бабская";"женско-бабская";2
"бабская";"сугубо-бабская";1
"бабские";"женско-бабские";2
"бабские";"сугубо-бабские";1
"бабским";"женско-бабским";2
"бабским";"сугубо-бабским";1
"бабскими";"женско-бабскими";2
"бабскими";"сугубо-бабскими";1
"бабских";"женско-бабских";2
"бабских";"сугубо-бабских";1
"бабское";"женско-бабское";2
"бабское";"сугубо-бабское";1
"бабском";"женско-бабском";2
"бабском";"сугубо-бабском";1
"бабскому";"женско-бабскому";2
"бабскому";"сугубо-бабскому";1
"бабскую";"женско-бабскую";2
"бабскую";"сугубо-бабскую";1
"безопасная";"достаточно-безопасная";
"безопасное";"достаточно-безопасное";
"безопасной";"достаточно-безопасной";
"безопасному";"достаточно-безопасному";
"безопасные";"достаточно-безопасные";
"безопасным";"достаточно-безопасным";
"безопасных";"достаточно-безопасных";
"болезненно";"хворо-болезненно";2
"болезненно";"слабо-болезненно";1
"болезненное";"хворо-болезненное";2
"болезненное";"слабо-болезненное";1
"болезненном";"хворо-болезненном";2
"болезненном";"слабо-болезненном";1
"болезненному";"хворо-болезненному";2
"болезненному";"слабо-болезненному";1
"болезненную";"хворо-болезненную";2
"болезненную";"слабо-болезненную";1
"болезненные";"хворо-болезненные";2
"болезненные";"слабо-болезненные";1
"болезненный";"хворо-болезненный";2
"болезненный";"слабо-болезненный";1
"болезненным";"хворо-болезненным";2
"болезненным";"слабо-болезненным";1
"болезненных";"хворо-болезненных";2
"болезненных";"слабо-болезненных";1
"бракоразводный";"сугубо-бракоразводный";
"бракоразводные";"сугубо-бракоразводные";
"бракоразводных";"сугубо-бракоразводных";
"воспалительная";"болезнено-воспалительная";2
"воспалительная";"инфекционно-воспалительная";1
"воспалительный";"болезнено-воспалительный";2
"воспалительный";"инфекционно-воспалительный";1
"воспалительные";"болезнено-воспалительные";2
"воспалительные";"инфекционно-воспалительные";1
"воспалительных";"болезнено-воспалительных";2
"воспалительных";"инфекционно-воспалительных";1
"воспалительное";"болезнено-воспалительное";2
"воспалительное";"инфекционно-воспалительное";1
"воспалительном";"болезнено-воспалительном";2
"воспалительном";"инфекционно-воспалительном";1
"воспалительному";"болезнено-воспалительному";2
"воспалительному";"инфекционно-воспалительному";1
"вращающаяся";"быстро-вращающаяся";2
"вращающаяся";"крутяще-вращающаяся";1
"вращающегося";"быстро-вращающегося";2
"вращающегося";"крутяще-вращающегося";1
"вращающиеся";"быстро-вращающиеся";2
"вращающиеся";"крутяще-вращающиеся";1
"вращающийся";"быстро-вращающийся";2
"вращающийся";"крутяще-вращающийся";1
"воинствующая";"враждебно-воинствующая";2
"воинствующая";"захватнически-воинствующая";1
"воинствующей";"враждебно-воинствующей";2
"воинствующей";"захватнически-воинствующей";1
"воинствующие";"враждебно-воинствующие";2
"воинствующие";"захватнически-воинствующие";1
"воинствующий";"враждебно-воинствующий";2
"воинствующий";"захватнически-воинствующий";1
"воинствующим";"враждебно-воинствующим";2
"воинствующим";"захватнически-воинствующим";1
"воинствующими";"враждебно-воинствующими";2
"воинствующими";"захватнически-воинствующими";1
"воинствующих";"враждебно-воинствующих";2
"воинствующих";"захватнически-воинствующих";1
"жирная";"калорийно-жирная";2
"жирная";"мясисто-жирная";1
"жирное";"калорийно-жирное";2
"жирное";"мясисто-жирное";1
"жирном";"калорийно-жирном";2
"жирном";"мясисто-жирном";1
"жирному";"калорийно-жирному";2
"жирному";"мясисто-жирному";1
"жирной";"калорийно-жирной";2
"жирной";"мясисто-жирной";1
"жирную";"калорийно-жирную";2
"жирную";"мясисто-жирную";1
"жирные";"калорийно-жирные";2
"жирные";"мясисто-жирные";1
"жирным";"калорийно-жирным";2
"жирным";"мясисто-жирным";1
"жирными";"калорийно-жирными";2
"жирными";"мясисто-жирными";1
"жирных";"калорийно-жирных";2
"жирных";"мясисто-жирных";1
"захламленная";"практически-захламленная";3
"захламленная";"сильно-захламленная";2
"захламленная";"чертовски-захламленная";1
"захламленное";"практически-захламленное";3
"захламленное";"сильно-захламленное";2
"захламленное";"чертовски-захламленное";1
"захламленном";"практически-захламленном";3
"захламленном";"сильно-захламленном";2
"захламленном";"чертовски-захламленном";1
"захламленному";"практически-захламленному";3
"захламленному";"сильно-захламленному";2
"захламленному";"чертовски-захламленному";1
"захламленной";"практически-захламленной";3
"захламленной";"сильно-захламленной";2
"захламленной";"чертовски-захламленной";1
"захламленную";"практически-захламленную";3
"захламленную";"сильно-захламленную";2
"захламленную";"чертовски-захламленную";1
"захламленные";"практически-захламленные";3
"захламленные";"сильно-захламленные";2
"захламленные";"чертовски-захламленные";1
"захламленным";"практически-захламленным";3
"захламленным";"сильно-захламленным";2
"захламленным";"чертовски-захламленным";1
"захламленными";"практически-захламленными";3
"захламленными";"сильно-захламленными";2
"захламленными";"чертовски-захламленными";1
"захламленных";"практически-захламленных";3
"захламленных";"сильно-захламленных";2
"захламленных";"чертовски-захламленных";1
"импульсивная";"порывисто-импульсивная";2
"импульсивная";"непроизвольно-импульсивная";1
"импульсивно";"порывисто-импульсивно";2
"импульсивно";"непроизвольно-импульсивно";1
"импульсивное";"порывисто-импульсивное";2
"импульсивное";"непроизвольно-импульсивное";1
"импульсивной";"порывисто-импульсивной";2
"импульсивной";"непроизвольно-импульсивной";1
"импульсивном";"порывисто-импульсивном";2
"импульсивном";"непроизвольно-импульсивном";1
"импульсивному";"порывисто-импульсивному";2
"импульсивному";"непроизвольно-импульсивному";1
"импульсивную";"порывисто-импульсивную";2
"импульсивную";"непроизвольно-импульсивную";1
"импульсивные";"порывисто-импульсивные";2
"импульсивные";"непроизвольно-импульсивные";1
"импульсивный";"порывисто-импульсивный";2
"импульсивный";"непроизвольно-импульсивный";1
"импульсивным";"порывисто-импульсивным";2
"импульсивным";"непроизвольно-импульсивным";1
"импульсивными";"порывисто-импульсивными";2
"импульсивными";"непроизвольно-импульсивными";1
"конституционная";"законно-конституционная";2
"конституционная";"государственно-конституционная";1
"конституционно";"законно-конституционно";2
"конституционно";"государственно-конституционно";1
"конституционного";"законно-конституционного";2
"конституционного";"государственно-конституционного";1
"конституционное";"законно-конституционное";2
"конституционное";"государственно-конституционное";1
"конституционном";"законно-конституционном";2
"конституционном";"государственно-конституционном";1
"конституционному";"законно-конституционному";2
"конституционному";"государственно-конституционному";1
"конституционную";"законно-конституционную";2
"конституционную";"государственно-конституционную";1
"конституционные";"законно-конституционные";2
"конституционные";"государственно-конституционные";1
"конституционный";"законно-конституционный";2
"конституционный";"государственно-конституционный";1
"конституционным";"законно-конституционным";2
"конституционным";"государственно-конституционным";1
"конституционными";"законно-конституционными";2
"конституционными";"государственно-конституционными";1
"компьютерная";"сборно-компьютерная";
"компьютерное";"сборно-компьютерное";
"компьютерном";"сборно-компьютерном";
"компьютерному";"сборно-компьютерному";
"компьютерной";"сборно-компьютерной";
"компьютерную";"сборно-компьютерную";
"компьютерные";"сборно-компьютерные";
"компьютерный";"сборно-компьютерный";
"компьютерным";"сборно-компьютерным";
"компьютерными";"сборно-компьютерными";
"компьютерных";"сборно-компьютерных";
"невнимательная";"абсолютно-невнимательная";4
"невнимательная";"совершенно-невнимательная";3
"невнимательная";"страшно-невнимательная";2
"невнимательная";"чертовски-невнимательная";1
"невнимательное";"абсолютно-невнимательное";4
"невнимательное";"совершенно-невнимательное";3
"невнимательное";"страшно-невнимательное";2
"невнимательное";"чертовски-невнимательное";1
"невнимательном";"абсолютно-невнимательном";4
"невнимательном";"совершенно-невнимательном";3
"невнимательном";"страшно-невнимательном";2
"невнимательном";"чертовски-невнимательном";1
"невнимательному";"абсолютно-невнимательному";4
"невнимательному";"совершенно-невнимательному";3
"невнимательному";"страшно-невнимательному";2
"невнимательному";"чертовски-невнимательному";1
"невнимательные";"абсолютно-невнимательные";4
"невнимательные";"совершенно-невнимательные";3
"невнимательные";"страшно-невнимательные";2
"невнимательные";"чертовски-невнимательные";1
"невнимательным";"абсолютно-невнимательным";4
"невнимательным";"совершенно-невнимательным";3
"невнимательным";"страшно-невнимательным";2
"невнимательным";"чертовски-невнимательным";1
"невнимательными";"абсолютно-невнимательными";4
"невнимательными";"совершенно-невнимательными";3
"невнимательными";"страшно-невнимательными";2
"невнимательными";"чертовски-невнимательными";1
"невнимательных";"абсолютно-невнимательных";4
"невнимательных";"совершенно-невнимательных";3
"невнимательных";"страшно-невнимательных";2
"невнимательных";"чертовски-невнимательных";1
"невнимательность";"абсолютно-невнимательность";4
"невнимательность";"совершенно-невнимательность";3
"невнимательность";"страшно-невнимательность";2
"невнимательность";"чертовски-невнимательность";1
"незамужней";"теперь уженезамужней";2
"незамужней";"теперьнезамужней";1
"незамужнюю";"теперь уженезамужнюю";2
"незамужнюю";"теперьнезамужнюю";1
"незамужняя";"теперь уженезамужняя";2
"незамужняя";"теперьнезамужняя";1
"неизвестная";"практически-неизвестная";3
"неизвестная";"незнакомо-неизвестная";2
"неизвестная";"в общем то-неизвестная";1
"неизвестное";"практически-неизвестное";3
"неизвестное";"незнакомо-неизвестное";2
"неизвестное";"в общем то-неизвестное";1
"неизвестной";"практически-неизвестной";3
"неизвестной";"незнакомо-неизвестной";2
"неизвестной";"в общем то-неизвестной";1
"неизвестном";"практически-неизвестном";3
"неизвестном";"незнакомо-неизвестном";2
"неизвестном";"в общем то-неизвестном";1
"неизвестному";"практически-неизвестному";3
"неизвестному";"незнакомо-неизвестному";2
"неизвестному";"в общем то-неизвестному";1
"неизвестную";"практически-неизвестную";3
"неизвестную";"незнакомо-неизвестную";2
"неизвестную";"в общем то-неизвестную";1
"неизвестные";"практически-неизвестные";3
"неизвестные";"незнакомо-неизвестные";2
"неизвестные";"в общем то-неизвестные";1
"неизвестный";"практически-неизвестный";3
"неизвестный";"незнакомо-неизвестный";2
"неизвестный";"в общем то-неизвестный";1
"неизвестным";"практически-неизвестным";3
"неизвестным";"незнакомо-неизвестным";2
"неизвестным";"в общем то-неизвестным";1
"неизвестных";"практически-неизвестных";3
"неизвестных";"незнакомо-неизвестных";2
"неизвестных";"в общем то-неизвестных";1
"некоторая";"говоря строго,некоторая";3
"некоторая";", между нами говоря,некоторая";2
"некоторая";"строго говоря,некоторая";1
"некоторую";"говоря строго,некоторую";3
"некоторую";", между нами говоря,некоторую";2
"некоторую";"строго говоря,некоторую";1
"некоторые";"говоря строго,некоторые";3
"некоторые";", между нами говоря,некоторые";2
"некоторые";"строго говоря,некоторые";1
"некоторых";"говоря строго,некоторых";3
"некоторых";", между нами говоря,некоторых";2
"некоторых";"строго говоря,некоторых";1
"нелепая";"юмористически-нелепая";3
"нелепая";"комично-нелепая";2
"нелепая";"довольно-нелепая";1
"нелепое";"юмористически-нелепое";3
"нелепое";"комично-нелепое";2
"нелепое";"довольно-нелепое";1
"нелепой";"юмористически-нелепой";3
"нелепой";"комично-нелепой";2
"нелепой";"довольно-нелепой";1
"нелепом";"юмористически-нелепом";3
"нелепом";"комично-нелепом";2
"нелепом";"довольно-нелепом";1
"нелепому";"юмористически-нелепому";3
"нелепому";"комично-нелепому";2
"нелепому";"довольно-нелепому";1
"нелепую";"юмористически-нелепую";3
"нелепую";"комично-нелепую";2
"нелепую";"довольно-нелепую";1
"нелепые";"юмористически-нелепые";3
"нелепые";"комично-нелепые";2
"нелепые";"довольно-нелепые";1
"нелепый";"юмористически-нелепый";3
"нелепый";"комично-нелепый";2
"нелепый";"довольно-нелепый";1
"нелепым";"юмористически-нелепым";3
"нелепым";"комично-нелепым";2
"нелепым";"довольно-нелепым";1
"нелепыми";"юмористически-нелепыми";3
"нелепыми";"комично-нелепыми";2
"нелепыми";"довольно-нелепыми";1
"нелепых";"юмористически-нелепых";3
"нелепых";"комично-нелепых";2
"нелепых";"довольно-нелепых";1
"неплох";"совсемнеплох";2
"неплох";"довольно такинеплох";1
"неплохая";"совсемнеплохая";2
"неплохая";"довольно такинеплохая";1
"неплохо";"совсемнеплохо";2
"неплохо";"довольно такинеплохо";1
"неплохой";"совсемнеплохой";2
"неплохой";"довольно такинеплохой";1
"неплохом";"совсемнеплохом";2
"неплохом";"довольно такинеплохом";1
"неплохому";"совсемнеплохому";2
"неплохому";"довольно такинеплохому";1
"неплохие";"совсемнеплохие";2
"неплохие";"довольно такинеплохие";1
"неплохим";"совсемнеплохим";2
"неплохим";"довольно такинеплохим";1
"неплохих";"совсемнеплохих";2
"неплохих";"довольно такинеплохих";1
"непонятная";"туманно-непонятная";2
"непонятная";"запутанно-непонятная";1
"непонятнее";"туманно-непонятнее";2
"непонятнее";"запутанно-непонятнее";1
"непонятней";"туманно-непонятней";2
"непонятней";"запутанно-непонятней";1
"непонятно";"туманно-непонятно";2
"непонятно";"запутанно-непонятно";1
"непонятное";"туманно-непонятное";2
"непонятное";"запутанно-непонятное";1
"непонятной";"туманно-непонятной";2
"непонятной";"запутанно-непонятной";1
"непонятном";"туманно-непонятном";2
"непонятном";"запутанно-непонятном";1
"непонятному";"туманно-непонятному";2
"непонятному";"запутанно-непонятному";1
"непонятную";"туманно-непонятную";2
"непонятную";"запутанно-непонятную";1
"непонятные";"туманно-непонятные";2
"непонятные";"запутанно-непонятные";1
"непонятный";"туманно-непонятный";2
"непонятный";"запутанно-непонятный";1
"непонятным";"туманно-непонятным";2
"непонятным";"запутанно-непонятным";1
"непонятными";"туманно-непонятными";2
"непонятными";"запутанно-непонятными";1
"непонятных";"туманно-непонятных";2
"непонятных";"запутанно-непонятных";1
"непосредственая";"строго-непосредственая";3
"непосредственая";"постоянно-непосредственая";2
"непосредственая";"довольно-непосредственая";1
"непосредствено";"строго-непосредствено";3
"непосредствено";"постоянно-непосредствено";2
"непосредствено";"довольно-непосредствено";1
"непосредственое";"строго-непосредственое";3
"непосредственое";"постоянно-непосредственое";2
"непосредственое";"довольно-непосредственое";1
"непосредственой";"строго-непосредственой";3
"непосредственой";"постоянно-непосредственой";2
"непосредственой";"довольно-непосредственой";1
"непосредственом";"строго-непосредственом";3
"непосредственом";"постоянно-непосредственом";2
"непосредственом";"довольно-непосредственом";1
"непосредственому";"строго-непосредственому";3
"непосредственому";"постоянно-непосредственому";2
"непосредственому";"довольно-непосредственому";1
"непосредственые";"строго-непосредственые";3
"непосредственые";"постоянно-непосредственые";2
"непосредственые";"довольно-непосредственые";1
"непосредственым";"строго-непосредственым";3
"непосредственым";"постоянно-непосредственым";2
"непосредственым";"довольно-непосредственым";1
"непосредствеными";"строго-непосредствеными";3
"непосредствеными";"постоянно-непосредствеными";2
"непосредствеными";"довольно-непосредствеными";1
"непосредственых";"строго-непосредственых";3
"непосредственых";"постоянно-непосредственых";2
"непосредственых";"довольно-непосредственых";1
"непосредственую";"строго-непосредственую";3
"непосредственую";"постоянно-непосредственую";2
"непосредственую";"довольно-непосредственую";1
"неприятная";"достаточно-неприятная";3
"неприятная";"довльно-неприятная";2
"неприятная";"жутко-неприятная";1
"неприятное";"достаточно-неприятное";3
"неприятное";"довльно-неприятное";2
"неприятное";"жутко-неприятное";1
"неприятной";"достаточно-неприятной";3
"неприятной";"довльно-неприятной";2
"неприятной";"жутко-неприятной";1
"неприятном";"достаточно-неприятном";3
"неприятном";"довльно-неприятном";2
"неприятном";"жутко-неприятном";1
"неприятному";"достаточно-неприятному";3
"неприятному";"довльно-неприятному";2
"неприятному";"жутко-неприятному";1
"неприятную";"достаточно-неприятную";3
"неприятную";"довльно-неприятную";2
"неприятную";"жутко-неприятную";1
"неприятные";"достаточно-неприятные";3
"неприятные";"довльно-неприятные";2
"неприятные";"жутко-неприятные";1
"неприятный";"достаточно-неприятный";3
"неприятный";"довльно-неприятный";2
"неприятный";"жутко-неприятный";1
"неприятным";"достаточно-неприятным";3
"неприятным";"довльно-неприятным";2
"неприятным";"жутко-неприятным";1
"неприятными";"достаточно-неприятными";3
"неприятными";"довльно-неприятными";2
"неприятными";"жутко-неприятными";1
"неприятных";"достаточно-неприятных";3
"неприятных";"довльно-неприятных";2
"неприятных";"жутко-неприятных";1
"ненужная";"совершенно-ненужная";3
"ненужная";"практичски-ненужная";2
"ненужная";"довольно-ненужная";1
"ненужное";"совершенно-ненужное";3
"ненужное";"практичски-ненужное";2
"ненужное";"довольно-ненужное";1
"ненужной";"совершенно-ненужной";3
"ненужной";"практичски-ненужной";2
"ненужной";"довольно-ненужной";1
"ненужном";"совершенно-ненужном";3
"ненужном";"практичски-ненужном";2
"ненужном";"довольно-ненужном";1
"ненужному";"совершенно-ненужному";3
"ненужному";"практичски-ненужному";2
"ненужному";"довольно-ненужному";1
"ненужную";"совершенно-ненужную";3
"ненужную";"практичски-ненужную";2
"ненужную";"довольно-ненужную";1
"ненужные";"совершенно-ненужные";3
"ненужные";"практичски-ненужные";2
"ненужные";"довольно-ненужные";1
"ненужный";"совершенно-ненужный";3
"ненужный";"практичски-ненужный";2
"ненужный";"довольно-ненужный";1
"ненужным";"совершенно-ненужным";3
"ненужным";"практичски-ненужным";2
"ненужным";"довольно-ненужным";1
"ненужными";"совершенно-ненужными";3
"ненужными";"практичски-ненужными";2
"ненужными";"довольно-ненужными";1
"ненужных";"совершенно-ненужных";3
"ненужных";"практичски-ненужных";2
"ненужных";"довольно-ненужных";1
"низкая";"чрезвычайнонизкая";4
"низкая";"довольнонизкая";3
"низкая";"достаточнонизкая";2
"низкая";"оченьнизкая";1
"низкие";"чрезвычайнонизкие";4
"низкие";"довольнонизкие";3
"низкие";"достаточнонизкие";2
"низкие";"оченьнизкие";1
"низкий";"чрезвычайнонизкий";4
"низкий";"довольнонизкий";3
"низкий";"достаточнонизкий";2
"низкий";"оченьнизкий";1
"низким";"чрезвычайнонизким";4
"низким";"довольнонизким";3
"низким";"достаточнонизким";2
"низким";"оченьнизким";1
"низкими";"чрезвычайнонизкими";4
"низкими";"довольнонизкими";3
"низкими";"достаточнонизкими";2
"низкими";"оченьнизкими";1
"низких";"чрезвычайнонизких";4
"низких";"довольнонизких";3
"низких";"достаточнонизких";2
"низких";"оченьнизких";1
"низко";"чрезвычайнонизко";4
"низко";"довольнонизко";3
"низко";"достаточнонизко";2
"низко";"оченьнизко";1
"низкое";"чрезвычайнонизкое";4
"низкое";"довольнонизкое";3
"низкое";"достаточнонизкое";2
"низкое";"оченьнизкое";1
"низкой";"чрезвычайнонизкой";4
"низкой";"довольнонизкой";3
"низкой";"достаточнонизкой";2
"низкой";"оченьнизкой";1
"низком";"чрезвычайнонизком";4
"низком";"довольнонизком";3
"низком";"достаточнонизком";2
"низком";"оченьнизком";1
"низкому";"чрезвычайнонизкому";4
"низкому";"довольнонизкому";3
"низкому";"достаточнонизкому";2
"низкому";"оченьнизкому";1
"низкую";"чрезвычайнонизкую";4
"низкую";"довольнонизкую";3
"низкую";"достаточнонизкую";2
"низкую";"оченьнизкую";1
"обычная";"довольно-обычная";4
"обычная";"просто-обычная";3
"обычная";"несложно-обычная";2
"обычная";"доступно-обычная";1
"обычное";"довольно-обычное";4
"обычное";"просто-обычное";3
"обычное";"несложно-обычное";2
"обычное";"доступно-обычное";1
"обычной";"довольно-обычной";4
"обычной";"просто-обычной";3
"обычной";"несложно-обычной";2
"обычной";"доступно-обычной";1
"обычном";"довольно-обычном";4
"обычном";"просто-обычном";3
"обычном";"несложно-обычном";2
"обычном";"доступно-обычном";1
"обычному";"довольно-обычному";4
"обычному";"просто-обычному";3
"обычному";"несложно-обычному";2
"обычному";"доступно-обычному";1
"обычную";"довольно-обычную";4
"обычную";"просто-обычную";3
"обычную";"несложно-обычную";2
"обычную";"доступно-обычную";1
"обычные";"довольно-обычные";4
"обычные";"просто-обычные";3
"обычные";"несложно-обычные";2
"обычные";"доступно-обычные";1
"обычный";"довольно-обычный";4
"обычный";"просто-обычный";3
"обычный";"несложно-обычный";2
"обычный";"доступно-обычный";1
"обычным";"довольно-обычным";4
"обычным";"просто-обычным";3
"обычным";"несложно-обычным";2
"обычным";"доступно-обычным";1
"обычными";"довольно-обычными";4
"обычными";"просто-обычными";3
"обычными";"несложно-обычными";2
"обычными";"доступно-обычными";1
"обычных";"довольно-обычных";4
"обычных";"просто-обычных";3
"обычных";"несложно-обычных";2
"обычных";"доступно-обычных";1
"огромен";"невероятно-огромен";3
"огромен";"чертовски-огромен";2
"огромен";"потрясающе-огромен";1
"огроменная";"невероятно-огроменная";3
"огроменная";"чертовски-огроменная";2
"огроменная";"потрясающе-огроменная";1
"огроменные";"невероятно-огроменные";3
"огроменные";"чертовски-огроменные";2
"огроменные";"потрясающе-огроменные";1
"огроменных";"невероятно-огроменных";3
"огроменных";"чертовски-огроменных";2
"огроменных";"потрясающе-огроменных";1
"огромная";"невероятно-огромная";3
"огромная";"чертовски-огромная";2
"огромная";"потрясающе-огромная";1
"огромно";"невероятно-огромно";3
"огромно";"чертовски-огромно";2
"огромно";"потрясающе-огромно";1
"огромное";"невероятно-огромное";3
"огромное";"чертовски-огромное";2
"огромное";"потрясающе-огромное";1
"огромном";"невероятно-огромном";3
"огромном";"чертовски-огромном";2
"огромном";"потрясающе-огромном";1
"огромному";"невероятно-огромному";3
"огромному";"чертовски-огромному";2
"огромному";"потрясающе-огромному";1
"огромную";"невероятно-огромную";3
"огромную";"чертовски-огромную";2
"огромную";"потрясающе-огромную";1
"огромные";"невероятно-огромные";3
"огромные";"чертовски-огромные";2
"огромные";"потрясающе-огромные";1
"огромный";"невероятно-огромный";3
"огромный";"чертовски-огромный";2
"огромный";"потрясающе-огромный";1
"огромным";"невероятно-огромным";3
"огромным";"чертовски-огромным";2
"огромным";"потрясающе-огромным";1
"огромными";"невероятно-огромными";3
"огромными";"чертовски-огромными";2
"огромными";"потрясающе-огромными";1
"огромных";"невероятно-огромных";3
"огромных";"чертовски-огромных";2
"огромных";"потрясающе-огромных";1
"одинаков";"равнозначно-одинаков";3
"одинаков";"равноценно-одинаков";2
"одинаков";"однозначно-одинаков";1
"одинаковая";"равнозначно-одинаковая";3
"одинаковая";"равноценно-одинаковая";2
"одинаковая";"однозначно-одинаковая";1
"одинаковое";"равнозначно-одинаковое";3
"одинаковое";"равноценно-одинаковое";2
"одинаковое";"однозначно-одинаковое";1
"одинаковом";"равнозначно-одинаковом";3
"одинаковом";"равноценно-одинаковом";2
"одинаковом";"однозначно-одинаковом";1
"одинаковому";"равнозначно-одинаковому";3
"одинаковому";"равноценно-одинаковому";2
"одинаковому";"однозначно-одинаковому";1
"одинаковую";"равнозначно-одинаковую";3
"одинаковую";"равноценно-одинаковую";2
"одинаковую";"однозначно-одинаковую";1
"одинаковые";"равнозначно-одинаковые";3
"одинаковые";"равноценно-одинаковые";2
"одинаковые";"однозначно-одинаковые";1
"одинаковый";"равнозначно-одинаковый";3
"одинаковый";"равноценно-одинаковый";2
"одинаковый";"однозначно-одинаковый";1
"одинаковым";"равнозначно-одинаковым";3
"одинаковым";"равноценно-одинаковым";2
"одинаковым";"однозначно-одинаковым";1
"одинаковыми";"равнозначно-одинаковыми";3
"одинаковыми";"равноценно-одинаковыми";2
"одинаковыми";"однозначно-одинаковыми";1
"одинаковых";"равнозначно-одинаковых";3
"одинаковых";"равноценно-одинаковых";2
"одинаковых";"однозначно-одинаковых";1
"ожесточенная";"жестко-ожесточенная";2
"ожесточенная";"довольно-ожесточенная";1
"ожесточенное";"жестко-ожесточенное";2
"ожесточенное";"довольно-ожесточенное";1
"ожесточенной";"жестко-ожесточенной";2
"ожесточенной";"довольно-ожесточенной";1
"ожесточенно";"жестко-ожесточенно";2
"ожесточенно";"довольно-ожесточенно";1
"ожесточенном";"жестко-ожесточенном";2
"ожесточенном";"довольно-ожесточенном";1
"ожесточенному";"жестко-ожесточенному";2
"ожесточенному";"довольно-ожесточенному";1
"ожесточенную";"жестко-ожесточенную";2
"ожесточенную";"довольно-ожесточенную";1
"ожесточенные";"жестко-ожесточенные";2
"ожесточенные";"довольно-ожесточенные";1
"ожесточенный";"жестко-ожесточенный";2
"ожесточенный";"довольно-ожесточенный";1
"ожесточенным";"жестко-ожесточенным";2
"ожесточенным";"довольно-ожесточенным";1
"ожесточенными";"жестко-ожесточенными";2
"ожесточенными";"довольно-ожесточенными";1
"ожесточенных";"жестко-ожесточенных";2
"ожесточенных";"довольно-ожесточенных";1
"окончательная";"финально-окончательная";2
"окончательная";"кодово-окончательная";1
"окончательно";"финально-окончательно";2
"окончательно";"кодово-окончательно";1
"окончательное";"финально-окончательное";2
"окончательное";"кодово-окончательное";1
"окончательной";"финально-окончательной";2
"окончательной";"кодово-окончательной";1
"окончательном";"финально-окончательном";2
"окончательном";"кодово-окончательном";1
"окончательному";"финально-окончательному";2
"окончательному";"кодово-окончательному";1
"окончательную";"финально-окончательную";2
"окончательную";"кодово-окончательную";1
"окончательные";"финально-окончательные";2
"окончательные";"кодово-окончательные";1
"окончательный";"финально-окончательный";2
"окончательный";"кодово-окончательный";1
"окончательным";"финально-окончательным";2
"окончательным";"кодово-окончательным";1
"окончательных";"финально-окончательных";2
"окончательных";"кодово-окончательных";1
"определен";"ясно-определен";2
"определен";"четко-определен";1
"определена";"ясно-определена";2
"определена";"четко-определена";1
"определены";"ясно-определены";2
"определены";"четко-определены";1
"определенные";"ясно-определенные";2
"определенные";"четко-определенные";1
"определенных";"ясно-определенных";2
"определенных";"четко-определенных";1
"определенного";"ясно-определенного";2
"определенного";"четко-определенного";1
"определенность";"ясно-определенность";2
"определенность";"четко-определенность";1
"опытная";"достаточно-опытная";2
"опытная";"довольно-опытная";1
"опытное";"достаточно-опытное";2
"опытное";"довольно-опытное";1
"опытной";"достаточно-опытной";2
"опытной";"довольно-опытной";1
"опытном";"достаточно-опытном";2
"опытном";"довольно-опытном";1
"опытному";"достаточно-опытному";2
"опытному";"довольно-опытному";1
"опытную";"достаточно-опытную";2
"опытную";"довольно-опытную";1
"опытные";"достаточно-опытные";2
"опытные";"довольно-опытные";1
"опытный";"достаточно-опытный";2
"опытный";"довольно-опытный";1
"опытным";"достаточно-опытным";2
"опытным";"довольно-опытным";1
"опытных";"достаточно-опытных";2
"опытных";"довольно-опытных";1
"остекленевшая";"равнодушно-остекленевшая";2
"остекленевшая";"практически-остекленевшая";1
"остекленевший";"равнодушно-остекленевший";2
"остекленевший";"практически-остекленевший";1
"остекленевшие";"равнодушно-остекленевшие";2
"остекленевшие";"практически-остекленевшие";1
"остекленевшим";"равнодушно-остекленевшим";2
"остекленевшим";"практически-остекленевшим";1
"остекленевшими";"равнодушно-остекленевшими";2
"остекленевшими";"практически-остекленевшими";1
"острая";"обоюдо-острая";2
"острая";"отточено-острая";1
"остро";"обоюдо-остро";2
"остро";"отточено-остро";1
"острое";"обоюдо-острое";2
"острое";"отточено-острое";1
"острой";"обоюдо-острой";2
"острой";"отточено-острой";1
"острому";"обоюдо-острому";2
"острому";"отточено-острому";1
"острые";"обоюдо-острые";2
"острые";"отточено-острые";1
"острый";"обоюдо-острый";2
"острый";"отточено-острый";1
"острым";"обоюдо-острым";2
"острым";"отточено-острым";1
"острыми";"обоюдо-острыми";2
"острыми";"отточено-острыми";1
"острых";"обоюдо-острых";2
"острых";"отточено-острых";1
"отрицательная";"негативно-отрицательная";2
"отрицательная";"чисто-отрицательная";1
"отрицательно";"негативно-отрицательно";2
"отрицательно";"чисто-отрицательно";1
"отрицательное";"негативно-отрицательное";2
"отрицательное";"чисто-отрицательное";1
"отрицательной";"негативно-отрицательной";2
"отрицательной";"чисто-отрицательной";1
"отрицательному";"негативно-отрицательному";2
"отрицательному";"чисто-отрицательному";1
"отрицательные";"негативно-отрицательные";2
"отрицательные";"чисто-отрицательные";1
"отрицательный";"негативно-отрицательный";2
"отрицательный";"чисто-отрицательный";1
"отрицательным";"негативно-отрицательным";2
"отрицательным";"чисто-отрицательным";1
"отрицательных";"негативно-отрицательных";2
"отрицательных";"чисто-отрицательных";1
"отдельная";"отрывисто-отдельная";2
"отдельная";"сторонне-отдельная";1
"отдельное";"отрывисто-отдельное";2
"отдельное";"сторонне-отдельное";1
"отдельно";"отрывисто-отдельно";2
"отдельно";"сторонне-отдельно";1
"отдельной";"отрывисто-отдельной";2
"отдельной";"сторонне-отдельной";1
"отдельном";"отрывисто-отдельном";2
"отдельном";"сторонне-отдельном";1
"отдельному";"отрывисто-отдельному";2
"отдельному";"сторонне-отдельному";1
"отдельную";"отрывисто-отдельную";2
"отдельную";"сторонне-отдельную";1
"отдельные";"отрывисто-отдельные";2
"отдельные";"сторонне-отдельные";1
"отдельный";"отрывисто-отдельный";2
"отдельный";"сторонне-отдельный";1
"отдельным";"отрывисто-отдельным";2
"отдельным";"сторонне-отдельным";1
"отдельными";"отрывисто-отдельными";2
"отдельными";"сторонне-отдельными";1
"отдельных";"отрывисто-отдельных";2
"отдельных";"сторонне-отдельных";1
"официальная";"сугубо-официальная";2
"официальная";"торжественно-официальная";1
"официально";"сугубо-официально";2
"официально";"торжественно-официально";1
"официальное";"сугубо-официальное";2
"официальное";"торжественно-официальное";1
"официальной";"сугубо-официальной";2
"официальной";"торжественно-официальной";1
"официальном";"сугубо-официальном";2
"официальном";"торжественно-официальном";1
"официальному";"сугубо-официальному";2
"официальному";"торжественно-официальному";1
"официальную";"сугубо-официальную";2
"официальную";"торжественно-официальную";1
"официальные";"сугубо-официальные";2
"официальные";"торжественно-официальные";1
"официальный";"сугубо-официальный";2
"официальный";"торжественно-официальный";1
"официальным";"сугубо-официальным";2
"официальным";"торжественно-официальным";1
"официальных";"сугубо-официальных";2
"официальных";"торжественно-официальных";1
"первая";"первая";
"первое";"первое";
"первой";"первой";
"первом";"первом";
"первому";"первому";
"первую";"первую";
"первые";"первые";
"первым";"первым";
"первыми";"первыми";
"первых";"первых";
"передней";"прямо-передней";2
"передней";"практически-передней";1
"переднем";"прямо-переднем";2
"переднем";"практически-переднем";1
"переднему";"прямо-переднему";2
"переднему";"практически-переднему";1
"передние";"прямо-передние";2
"передние";"практически-передние";1
"передний";"прямо-передний";2
"передний";"практически-передний";1
"передним";"прямо-передним";2
"передним";"практически-передним";1
"передними";"прямо-передними";2
"передними";"практически-передними";1
"передних";"прямо-передних";2
"передних";"практически-передних";1
"переднюю";"прямо-переднюю";2
"переднюю";"практически-переднюю";1
"передняя";"прямо-передняя";2
"передняя";"практически-передняя";1
"плохая";"ужасно-плохая";2
"плохая";"чертовски-плохая";1
"плохие";"ужасно-плохие";2
"плохие";"чертовски-плохие";1
"плохим";"ужасно-плохим";2
"плохим";"чертовски-плохим";1
"плохими";"ужасно-плохими";2
"плохими";"чертовски-плохими";1
"плохих";"ужасно-плохих";2
"плохих";"чертовски-плохих";1
"плохой";"ужасно-плохой";2
"плохой";"чертовски-плохой";1
"плохому";"ужасно-плохому";2
"плохому";"чертовски-плохому";1
"плохом";"ужасно-плохом";2
"плохом";"чертовски-плохом";1
"плохую";"ужасно-плохую";2
"плохую";"чертовски-плохую";1
"последней";"практически-последней";2
"последней";"однозначно-последней";1
"последнем";"практически-последнем";2
"последнем";"однозначно-последнем";1
"последнему";"практически-последнему";2
"последнему";"однозначно-последнему";1
"последние";"практически-последние";2
"последние";"однозначно-последние";1
"последний";"практически-последний";2
"последний";"однозначно-последний";1
"последним";"практически-последним";2
"последним";"однозначно-последним";1
"последними";"практически-последними";2
"последними";"однозначно-последними";1
"последнюю";"практически-последнюю";2
"последнюю";"однозначно-последнюю";1
"последняя";"практически-последняя";2
"последняя";"однозначно-последняя";1
"правительственная";"общественно-правительственная";2
"правительственная";"социально-правительственная";1
"правительственного";"общественно-правительственного";2
"правительственного";"социально-правительственного";1
"правительственное";"общественно-правительственное";2
"правительственное";"социально-правительственное";1
"правительственной";"общественно-правительственной";2
"правительственной";"социально-правительственной";1
"правительственном";"общественно-правительственном";2
"правительственном";"социально-правительственном";1
"правительственному";"общественно-правительственному";2
"правительственному";"социально-правительственному";1
"правительственную";"общественно-правительственную";2
"правительственную";"социально-правительственную";1
"правительственные";"общественно-правительственные";2
"правительственные";"социально-правительственные";1
"правительственный";"общественно-правительственный";2
"правительственный";"социально-правительственный";1
"правительственным";"общественно-правительственным";2
"правительственным";"социально-правительственным";1
"правительственными";"общественно-правительственными";2
"правительственными";"социально-правительственными";1
"правительственных";"общественно-правительственных";2
"правительственных";"социально-правительственных";1
"рекламная";"информационно-рекламная";2
"рекламная";"сугубо-рекламная";1
"рекламное";"информационно-рекламное";2
"рекламное";"сугубо-рекламное";1
"рекламной";"информационно-рекламной";2
"рекламной";"сугубо-рекламной";1
"рекламном";"информационно-рекламном";2
"рекламном";"сугубо-рекламном";1
"рекламному";"информационно-рекламному";2
"рекламному";"сугубо-рекламному";1
"рекламные";"информационно-рекламные";2
"рекламные";"сугубо-рекламные";1
"рекламный";"информационно-рекламный";2
"рекламный";"сугубо-рекламный";1
"рекламными";"информационно-рекламными";2
"рекламными";"сугубо-рекламными";1
"рекламных";"информационно-рекламных";2
"рекламных";"сугубо-рекламных";1
"религиозная";"свято-религиозная";2
"религиозная";"чисто-религиозная";1
"религиозное";"свято-религиозное";2
"религиозное";"чисто-религиозное";1
"религиозные";"свято-религиозные";2
"религиозные";"чисто-религиозные";1
"религиозным";"свято-религиозным";2
"религиозным";"чисто-религиозным";1
"религиозными";"свято-религиозными";2
"религиозными";"чисто-религиозными";1
"ровная";"достаточно-ровная";3
"ровная";"довольно-ровная";2
"ровная";"прямо-ровная";1
"ровное";"достаточно-ровное";3
"ровное";"довольно-ровное";2
"ровное";"прямо-ровное";1
"ровной";"достаточно-ровной";3
"ровной";"довольно-ровной";2
"ровной";"прямо-ровной";1
"ровном";"достаточно-ровном";3
"ровном";"довольно-ровном";2
"ровном";"прямо-ровном";1
"ровному";"достаточно-ровному";3
"ровному";"довольно-ровному";2
"ровному";"прямо-ровному";1
"ровную";"достаточно-ровную";3
"ровную";"довольно-ровную";2
"ровную";"прямо-ровную";1
"ровные";"достаточно-ровные";3
"ровные";"довольно-ровные";2
"ровные";"прямо-ровные";1
"ровным";"достаточно-ровным";3
"ровным";"довольно-ровным";2
"ровным";"прямо-ровным";1
"ровными";"достаточно-ровными";3
"ровными";"довольно-ровными";2
"ровными";"прямо-ровными";1
"ровных";"достаточно-ровных";3
"ровных";"довольно-ровных";2
"ровных";"прямо-ровных";1
"сексуальная";"эро-сексуальная";2
"сексуальная";"возбуждающе-сексуальная";1
"сексуальное";"эро-сексуальное";2
"сексуальное";"возбуждающе-сексуальное";1
"сексуально";"эро-сексуально";2
"сексуально";"возбуждающе-сексуально";1
"сексуальной";"эро-сексуальной";2
"сексуальной";"возбуждающе-сексуальной";1
"сексуальному";"эро-сексуальному";2
"сексуальному";"возбуждающе-сексуальному";1
"сексуальные";"эро-сексуальные";2
"сексуальные";"возбуждающе-сексуальные";1
"сексуальный";"эро-сексуальный";2
"сексуальный";"возбуждающе-сексуальный";1
"сексуальным";"эро-сексуальным";2
"сексуальным";"возбуждающе-сексуальным";1
"сексуальных";"эро-сексуальных";2
"сексуальных";"возбуждающе-сексуальных";1
"серьезная";"подчеркнуто-серьезная";3
"серьезная";"откровенно-серьезная";2
"серьезная";"достаточно-серьезная";1
"серьезнее";"подчеркнуто-серьезнее";3
"серьезнее";"откровенно-серьезнее";2
"серьезнее";"достаточно-серьезнее";1
"серьезно";"подчеркнуто-серьезно";3
"серьезно";"откровенно-серьезно";2
"серьезно";"достаточно-серьезно";1
"серьезного";"подчеркнуто-серьезного";3
"серьезного";"откровенно-серьезного";2
"серьезного";"достаточно-серьезного";1
"серьезной";"подчеркнуто-серьезной";3
"серьезной";"откровенно-серьезной";2
"серьезной";"достаточно-серьезной";1
"серьезном";"подчеркнуто-серьезном";3
"серьезном";"откровенно-серьезном";2
"серьезном";"достаточно-серьезном";1
"серьезному";"подчеркнуто-серьезному";3
"серьезному";"откровенно-серьезному";2
"серьезному";"достаточно-серьезному";1
"серьезные";"подчеркнуто-серьезные";3
"серьезные";"откровенно-серьезные";2
"серьезные";"достаточно-серьезные";1
"серьезный";"подчеркнуто-серьезный";3
"серьезный";"откровенно-серьезный";2
"серьезный";"достаточно-серьезный";1
"серьезным";"подчеркнуто-серьезным";3
"серьезным";"откровенно-серьезным";2
"серьезным";"достаточно-серьезным";1
"серьезными";"подчеркнуто-серьезными";3
"серьезными";"откровенно-серьезными";2
"серьезными";"достаточно-серьезными";1
"серьезных";"подчеркнуто-серьезных";3
"серьезных";"откровенно-серьезных";2
"серьезных";"достаточно-серьезных";1
"свободен";"разнузданно-свободен";3
"свободен";"непривязанно-свободен";2
"свободен";"вольно-свободен";1
"свободная";"разнузданно-свободная";3
"свободная";"непривязанно-свободная";2
"свободная";"вольно-свободная";1
"свободное";"разнузданно-свободное";3
"свободное";"непривязанно-свободное";2
"свободное";"вольно-свободное";1
"свободно";"разнузданно-свободно";3
"свободно";"непривязанно-свободно";2
"свободно";"вольно-свободно";1
"свободной";"разнузданно-свободной";3
"свободной";"непривязанно-свободной";2
"свободной";"вольно-свободной";1
"свободному";"разнузданно-свободному";3
"свободному";"непривязанно-свободному";2
"свободному";"вольно-свободному";1
"свободные";"разнузданно-свободные";3
"свободные";"непривязанно-свободные";2
"свободные";"вольно-свободные";1
"свободный";"разнузданно-свободный";3
"свободный";"непривязанно-свободный";2
"свободный";"вольно-свободный";1
"свободным";"разнузданно-свободным";3
"свободным";"непривязанно-свободным";2
"свободным";"вольно-свободным";1
"свободных";"разнузданно-свободных";3
"свободных";"непривязанно-свободных";2
"свободных";"вольно-свободных";1
"своеобразная";"довольно-своеобразная";3
"своеобразная";"достаточно-своеобразная";2
"своеобразная";"уникальносвоеобразная";1
"своеобразное";"довольно-своеобразное";3
"своеобразное";"достаточно-своеобразное";2
"своеобразное";"уникальносвоеобразное";1
"своеобразно";"довольно-своеобразно";3
"своеобразно";"достаточно-своеобразно";2
"своеобразно";"уникальносвоеобразно";1
"своеобразной";"довольно-своеобразной";3
"своеобразной";"достаточно-своеобразной";2
"своеобразной";"уникальносвоеобразной";1
"своеобразному";"довольно-своеобразному";3
"своеобразному";"достаточно-своеобразному";2
"своеобразному";"уникальносвоеобразному";1
"своеобразные";"довольно-своеобразные";3
"своеобразные";"достаточно-своеобразные";2
"своеобразные";"уникальносвоеобразные";1
"своеобразный";"довольно-своеобразный";3
"своеобразный";"достаточно-своеобразный";2
"своеобразный";"уникальносвоеобразный";1
"своеобразным";"довольно-своеобразным";3
"своеобразным";"достаточно-своеобразным";2
"своеобразным";"уникальносвоеобразным";1
"своеобразных";"довольно-своеобразных";3
"своеобразных";"достаточно-своеобразных";2
"своеобразных";"уникальносвоеобразных";1
"сильная";"довольно-сильная";2
"сильная";"достаточно-сильная";1
"сильном";"довольно-сильном";2
"сильном";"достаточно-сильном";1
"сильные";"довольно-сильные";2
"сильные";"достаточно-сильные";1
"сильных";"довольно-сильных";2
"сильных";"достаточно-сильных";1
"синей";"бирюзово-синей";3
"синей";"темно-синей";2
"синей";"светло-синей";1
"синему";"бирюзово-синему";3
"синему";"темно-синему";2
"синему";"светло-синему";1
"синий";"бирюзово-синий";3
"синий";"темно-синий";2
"синий";"светло-синий";1
"синим";"бирюзово-синим";3
"синим";"темно-синим";2
"синим";"светло-синим";1
"синими";"бирюзово-синими";3
"синими";"темно-синими";2
"синими";"светло-синими";1
"синих";"бирюзово-синих";3
"синих";"темно-синих";2
"синих";"светло-синих";1
"синяя";"бирюзово-синяя";3
"синяя";"темно-синяя";2
"синяя";"светло-синяя";1
"скромная";"достаточно-скромная";4
"скромная";"довольно-скромная";3
"скромная";"бедновато-скромная";2
"скромная";"разумно-скромная";1
"скромно";"достаточно-скромно";4
"скромно";"довольно-скромно";3
"скромно";"бедновато-скромно";2
"скромно";"разумно-скромно";1
"скромном";"достаточно-скромном";4
"скромном";"довольно-скромном";3
"скромном";"бедновато-скромном";2
"скромном";"разумно-скромном";1
"скромному";"достаточно-скромному";4
"скромному";"довольно-скромному";3
"скромному";"бедновато-скромному";2
"скромному";"разумно-скромному";1
"скромную";"достаточно-скромную";4
"скромную";"довольно-скромную";3
"скромную";"бедновато-скромную";2
"скромную";"разумно-скромную";1
"скромные";"достаточно-скромные";4
"скромные";"довольно-скромные";3
"скромные";"бедновато-скромные";2
"скромные";"разумно-скромные";1
"скромный";"достаточно-скромный";4
"скромный";"довольно-скромный";3
"скромный";"бедновато-скромный";2
"скромный";"разумно-скромный";1
"скромным";"достаточно-скромным";4
"скромным";"довольно-скромным";3
"скромным";"бедновато-скромным";2
"скромным";"разумно-скромным";1
"скромными";"достаточно-скромными";4
"скромными";"довольно-скромными";3
"скромными";"бедновато-скромными";2
"скромными";"разумно-скромными";1
"скромных";"достаточно-скромных";4
"скромных";"довольно-скромных";3
"скромных";"бедновато-скромных";2
"скромных";"разумно-скромных";1
"скрыт";"вуалированно-скрыт";2
"скрыт";"завуалированно-скрыт";1
"скрытая";"вуалированно-скрытая";2
"скрытая";"завуалированно-скрытая";1
"скрытная";"вуалированно-скрытная";2
"скрытная";"завуалированно-скрытная";1
"скрытно";"вуалированно-скрытно";2
"скрытно";"завуалированно-скрытно";1
"скрытные";"вуалированно-скрытные";2
"скрытные";"завуалированно-скрытные";1
"скрытных";"вуалированно-скрытных";2
"скрытных";"завуалированно-скрытных";1
"скрыто";"вуалированно-скрыто";2
"скрыто";"завуалированно-скрыто";1
"скрытое";"вуалированно-скрытое";2
"скрытое";"завуалированно-скрытое";1
"скрытые";"вуалированно-скрытые";2
"скрытые";"завуалированно-скрытые";1
"скрытый";"вуалированно-скрытый";2
"скрытый";"завуалированно-скрытый";1
"скрытым";"вуалированно-скрытым";2
"скрытым";"завуалированно-скрытым";1
"скрытых";"вуалированно-скрытых";2
"скрытых";"завуалированно-скрытых";1
"слаб";"безвольно-слаб";2
"слаб";"болезненно-слаб";1
"слабая";"безвольно-слабая";2
"слабая";"болезненно-слабая";1
"слабее";"безвольно-слабее";2
"слабее";"болезненно-слабее";1
"слабей";"безвольно-слабей";2
"слабей";"болезненно-слабей";1
"слабо";"безвольно-слабо";2
"слабо";"болезненно-слабо";1
"слабом";"безвольно-слабом";2
"слабом";"болезненно-слабом";1
"слабому";"безвольно-слабому";2
"слабому";"болезненно-слабому";1
"слабую";"безвольно-слабую";2
"слабую";"болезненно-слабую";1
"слабые";"безвольно-слабые";2
"слабые";"болезненно-слабые";1
"слабым";"безвольно-слабым";2
"слабым";"болезненно-слабым";1
"слабыми";"безвольно-слабыми";2
"слабыми";"болезненно-слабыми";1
"слабых";"безвольно-слабых";2
"слабых";"болезненно-слабых";1
"сложная";"достаточно-сложная";3
"сложная";"довольно-сложная";2
"сложная";"невероятно-сложная";1
"сложнее";"достаточно-сложнее";3
"сложнее";"довольно-сложнее";2
"сложнее";"невероятно-сложнее";1
"сложней";"достаточно-сложней";3
"сложней";"довольно-сложней";2
"сложней";"невероятно-сложней";1
"сложное";"достаточно-сложное";3
"сложное";"довольно-сложное";2
"сложное";"невероятно-сложное";1
"сложно";"достаточно-сложно";3
"сложно";"довольно-сложно";2
"сложно";"невероятно-сложно";1
"сложной";"достаточно-сложной";3
"сложной";"довольно-сложной";2
"сложной";"невероятно-сложной";1
"сложному";"достаточно-сложному";3
"сложному";"довольно-сложному";2
"сложному";"невероятно-сложному";1
"сложную";"достаточно-сложную";3
"сложную";"довольно-сложную";2
"сложную";"невероятно-сложную";1
"сложные";"достаточно-сложные";3
"сложные";"довольно-сложные";2
"сложные";"невероятно-сложные";1
"сложный";"достаточно-сложный";3
"сложный";"довольно-сложный";2
"сложный";"невероятно-сложный";1
"сложным";"достаточно-сложным";3
"сложным";"довольно-сложным";2
"сложным";"невероятно-сложным";1
"сложных";"достаточно-сложных";3
"сложных";"довольно-сложных";2
"сложных";"невероятно-сложных";1
"смертельная";"опасно-смертельная";3
"смертельная";"жестоко-смертельная";2
"смертельная";"жестко-смертельная";1
"смертельное";"опасно-смертельное";3
"смертельное";"жестоко-смертельное";2
"смертельное";"жестко-смертельное";1
"смертельной";"опасно-смертельной";3
"смертельной";"жестоко-смертельной";2
"смертельной";"жестко-смертельной";1
"смертельном";"опасно-смертельном";3
"смертельном";"жестоко-смертельном";2
"смертельном";"жестко-смертельном";1
"смертельному";"опасно-смертельному";3
"смертельному";"жестоко-смертельному";2
"смертельному";"жестко-смертельному";1
"смертельные";"опасно-смертельные";3
"смертельные";"жестоко-смертельные";2
"смертельные";"жестко-смертельные";1
"смертельный";"опасно-смертельный";3
"смертельный";"жестоко-смертельный";2
"смертельный";"жестко-смертельный";1
"смертельным";"опасно-смертельным";3
"смертельным";"жестоко-смертельным";2
"смертельным";"жестко-смертельным";1
"смертельными";"опасно-смертельными";3
"смертельными";"жестоко-смертельными";2
"смертельными";"жестко-смертельными";1
"смертельных";"опасно-смертельных";3
"смертельных";"жестоко-смертельных";2
"смертельных";"жестко-смертельных";1
"современная";"ультра-современная";6
"современная";"макси-современная";5
"современная";"максимально-современная";4
"современная";"сверх-современная";3
"современная";"супер-современная";2
"современная";"гипер-современная";1
"современнее";"ультра-современнее";6
"современнее";"макси-современнее";5
"современнее";"максимально-современнее";4
"современнее";"сверх-современнее";3
"современнее";"супер-современнее";2
"современнее";"гипер-современнее";1
"современней";"ультра-современней";6
"современней";"макси-современней";5
"современней";"максимально-современней";4
"современней";"сверх-современней";3
"современней";"супер-современней";2
"современней";"гипер-современней";1
"современное";"ультра-современное";6
"современное";"макси-современное";5
"современное";"максимально-современное";4
"современное";"сверх-современное";3
"современное";"супер-современное";2
"современное";"гипер-современное";1
"современно";"ультра-современно";6
"современно";"макси-современно";5
"современно";"максимально-современно";4
"современно";"сверх-современно";3
"современно";"супер-современно";2
"современно";"гипер-современно";1
"современной";"ультра-современной";6
"современной";"макси-современной";5
"современной";"максимально-современной";4
"современной";"сверх-современной";3
"современной";"супер-современной";2
"современной";"гипер-современной";1
"современному";"ультра-современному";6
"современному";"макси-современному";5
"современному";"максимально-современному";4
"современному";"сверх-современному";3
"современному";"супер-современному";2
"современному";"гипер-современному";1
"современные";"ультра-современные";6
"современные";"макси-современные";5
"современные";"максимально-современные";4
"современные";"сверх-современные";3
"современные";"супер-современные";2
"современные";"гипер-современные";1
"современный";"ультра-современный";6
"современный";"макси-современный";5
"современный";"максимально-современный";4
"современный";"сверх-современный";3
"современный";"супер-современный";2
"современный";"гипер-современный";1
"современным";"ультра-современным";6
"современным";"макси-современным";5
"современным";"максимально-современным";4
"современным";"сверх-современным";3
"современным";"супер-современным";2
"современным";"гипер-современным";1
"современных";"ультра-современных";6
"современных";"макси-современных";5
"современных";"максимально-современных";4
"современных";"сверх-современных";3
"современных";"супер-современных";2
"современных";"гипер-современных";1
"собственная";"лично-собственная";2
"собственная";"личностно-собственная";1
"собственное";"лично-собственное";2
"собственное";"личностно-собственное";1
"собственной";"лично-собственной";2
"собственной";"личностно-собственной";1
"собственному";"лично-собственному";2
"собственному";"личностно-собственному";1
"собственные";"лично-собственные";2
"собственные";"личностно-собственные";1
"собственный";"лично-собственный";2
"собственный";"личностно-собственный";1
"собственным";"лично-собственным";2
"собственным";"личностно-собственным";1
"собственных";"лично-собственных";2
"собственных";"личностно-собственных";1
"соблазнительная";"притягательно-соблазнительная";3
"соблазнительная";"неимоверно-соблазнительная";2
"соблазнительная";"чертовски-соблазнительная";1
"соблазнительнее";"притягательно-соблазнительнее";3
"соблазнительнее";"неимоверно-соблазнительнее";2
"соблазнительнее";"чертовски-соблазнительнее";1
"соблазнительней";"притягательно-соблазнительней";3
"соблазнительней";"неимоверно-соблазнительней";2
"соблазнительней";"чертовски-соблазнительней";1
"соблазнительное";"притягательно-соблазнительное";3
"соблазнительное";"неимоверно-соблазнительное";2
"соблазнительное";"чертовски-соблазнительное";1
"соблазнительно";"притягательно-соблазнительно";3
"соблазнительно";"неимоверно-соблазнительно";2
"соблазнительно";"чертовски-соблазнительно";1
"соблазнительной";"притягательно-соблазнительной";3
"соблазнительной";"неимоверно-соблазнительной";2
"соблазнительной";"чертовски-соблазнительной";1
"соблазнительному";"притягательно-соблазнительному";3
"соблазнительному";"неимоверно-соблазнительному";2
"соблазнительному";"чертовски-соблазнительному";1
"соблазнительную";"притягательно-соблазнительную";3
"соблазнительную";"неимоверно-соблазнительную";2
"соблазнительную";"чертовски-соблазнительную";1
"соблазнительные";"притягательно-соблазнительные";3
"соблазнительные";"неимоверно-соблазнительные";2
"соблазнительные";"чертовски-соблазнительные";1
"соблазнительный";"притягательно-соблазнительный";3
"соблазнительный";"неимоверно-соблазнительный";2
"соблазнительный";"чертовски-соблазнительный";1
"соблазнительным";"притягательно-соблазнительным";3
"соблазнительным";"неимоверно-соблазнительным";2
"соблазнительным";"чертовски-соблазнительным";1
"соблазнительными";"притягательно-соблазнительными";3
"соблазнительными";"неимоверно-соблазнительными";2
"соблазнительными";"чертовски-соблазнительными";1
"соблазнительных";"притягательно-соблазнительных";3
"соблазнительных";"неимоверно-соблазнительных";2
"соблазнительных";"чертовски-соблазнительных";1
"сознательная";"достаточно-сознательная";3
"сознательная";"специально-сознательная";2
"сознательная";"исключительно-сознательная";1
"сознательно";"достаточно-сознательно";3
"сознательно";"специально-сознательно";2
"сознательно";"исключительно-сознательно";1
"сознательное";"достаточно-сознательное";3
"сознательное";"специально-сознательное";2
"сознательное";"исключительно-сознательное";1
"сознательной";"достаточно-сознательной";3
"сознательной";"специально-сознательной";2
"сознательной";"исключительно-сознательной";1
"сознательном";"достаточно-сознательном";3
"сознательном";"специально-сознательном";2
"сознательном";"исключительно-сознательном";1
"сознательному";"достаточно-сознательному";3
"сознательному";"специально-сознательному";2
"сознательному";"исключительно-сознательному";1
"сознательную";"достаточно-сознательную";3
"сознательную";"специально-сознательную";2
"сознательную";"исключительно-сознательную";1
"сознательные";"достаточно-сознательные";3
"сознательные";"специально-сознательные";2
"сознательные";"исключительно-сознательные";1
"сознательным";"достаточно-сознательным";3
"сознательным";"специально-сознательным";2
"сознательным";"исключительно-сознательным";1
"сознательными";"достаточно-сознательными";3
"сознательными";"специально-сознательными";2
"сознательными";"исключительно-сознательными";1
"сознательных";"достаточно-сознательных";3
"сознательных";"специально-сознательных";2
"сознательных";"исключительно-сознательных";1
"социальная";"общественно-социальная";4
"социальная";"исключительно-социальная";3
"социальная";"исключительно-социальная";2
"социальная";"предпочтительно-социальная";1
"социального";"общественно-социального";4
"социального";"исключительно-социального";3
"социального";"исключительно-социального";2
"социального";"предпочтительно-социального";1
"социальное";"общественно-социальное";4
"социальное";"исключительно-социальное";3
"социальное";"исключительно-социальное";2
"социальное";"предпочтительно-социальное";1
"социальной";"общественно-социальной";4
"социальной";"исключительно-социальной";3
"социальной";"исключительно-социальной";2
"социальной";"предпочтительно-социальной";1
"социальном";"общественно-социальном";4
"социальном";"исключительно-социальном";3
"социальном";"исключительно-социальном";2
"социальном";"предпочтительно-социальном";1
"социальному";"общественно-социальному";4
"социальному";"исключительно-социальному";3
"социальному";"исключительно-социальному";2
"социальному";"предпочтительно-социальному";1
"социальные";"общественно-социальные";4
"социальные";"исключительно-социальные";3
"социальные";"исключительно-социальные";2
"социальные";"предпочтительно-социальные";1
"социальный";"общественно-социальный";4
"социальный";"исключительно-социальный";3
"социальный";"исключительно-социальный";2
"социальный";"предпочтительно-социальный";1
"социальным";"общественно-социальным";4
"социальным";"исключительно-социальным";3
"социальным";"исключительно-социальным";2
"социальным";"предпочтительно-социальным";1
"социальных";"общественно-социальных";4
"социальных";"исключительно-социальных";3
"социальных";"исключительно-социальных";2
"социальных";"предпочтительно-социальных";1
"специальная";"строго-специальная";4
"специальная";"исключительно-специальная";3
"специальная";"достаточно-специальная";2
"специальная";"нарочито-специальная";1
"специально";"строго-специально";4
"специально";"исключительно-специально";3
"специально";"достаточно-специально";2
"специально";"нарочито-специально";1
"специальное";"строго-специальное";4
"специальное";"исключительно-специальное";3
"специальное";"достаточно-специальное";2
"специальное";"нарочито-специальное";1
"специальной";"строго-специальной";4
"специальной";"исключительно-специальной";3
"специальной";"достаточно-специальной";2
"специальной";"нарочито-специальной";1
"специальном";"строго-специальном";4
"специальном";"исключительно-специальном";3
"специальном";"достаточно-специальном";2
"специальном";"нарочито-специальном";1
"специальному";"строго-специальному";4
"специальному";"исключительно-специальному";3
"специальному";"достаточно-специальному";2
"специальному";"нарочито-специальному";1
"специальные";"строго-специальные";4
"специальные";"исключительно-специальные";3
"специальные";"достаточно-специальные";2
"специальные";"нарочито-специальные";1
"специальный";"строго-специальный";4
"специальный";"исключительно-специальный";3
"специальный";"достаточно-специальный";2
"специальный";"нарочито-специальный";1
"специальным";"строго-специальным";4
"специальным";"исключительно-специальным";3
"специальным";"достаточно-специальным";2
"специальным";"нарочито-специальным";1
"специальных";"строго-специальных";4
"специальных";"исключительно-специальных";3
"специальных";"достаточно-специальных";2
"специальных";"нарочито-специальных";1
"спящая";"сонно-спящая";2
"спящая";"практически-спящая";1
"спящем";"сонно-спящем";2
"спящем";"практически-спящем";1
"спящему";"сонно-спящему";2
"спящему";"практически-спящему";1
"спящие";"сонно-спящие";2
"спящие";"практически-спящие";1
"спящий";"сонно-спящий";2
"спящий";"практически-спящий";1
"спящим";"сонно-спящим";2
"спящим";"практически-спящим";1
"спящих";"сонно-спящих";2
"спящих";"практически-спящих";1
"спящую";"сонно-спящую";2
"спящую";"практически-спящую";1
"стойкая";"довольно-стойкая";4
"стойкая";"устойчиво-стойкая";3
"стойкая";"невероятно-стойкая";2
"стойкая";"исключительно-стойкая";1
"стойкие";"довольно-стойкие";4
"стойкие";"устойчиво-стойкие";3
"стойкие";"невероятно-стойкие";2
"стойкие";"исключительно-стойкие";1
"стойкий";"довольно-стойкий";4
"стойкий";"устойчиво-стойкий";3
"стойкий";"невероятно-стойкий";2
"стойкий";"исключительно-стойкий";1
"стойких";"довольно-стойких";4
"стойких";"устойчиво-стойких";3
"стойких";"невероятно-стойких";2
"стойких";"исключительно-стойких";1
"стойким";"довольно-стойким";4
"стойким";"устойчиво-стойким";3
"стойким";"невероятно-стойким";2
"стойким";"исключительно-стойким";1
"стойкими";"довольно-стойкими";4
"стойкими";"устойчиво-стойкими";3
"стойкими";"невероятно-стойкими";2
"стойкими";"исключительно-стойкими";1
"стойком";"довольно-стойком";4
"стойком";"устойчиво-стойком";3
"стойком";"невероятно-стойком";2
"стойком";"исключительно-стойком";1
"стойкому";"довольно-стойкому";4
"стойкому";"устойчиво-стойкому";3
"стойкому";"невероятно-стойкому";2
"стойкому";"исключительно-стойкому";1
"стойкую";"довольно-стойкую";4
"стойкую";"устойчиво-стойкую";3
"стойкую";"невероятно-стойкую";2
"стойкую";"исключительно-стойкую";1
"странная";"достаточно-странная";2
"странная";"довольно-странная";1
"странное";"достаточно-странное";2
"странное";"довольно-странное";1
"странно";"достаточно-странно";2
"странно";"довольно-странно";1
"странной";"достаточно-странной";2
"странной";"довольно-странной";1
"странном";"достаточно-странном";2
"странном";"довольно-странном";1
"странному";"достаточно-странному";2
"странному";"довольно-странному";1
"странную";"достаточно-странную";2
"странную";"довольно-странную";1
"странные";"достаточно-странные";2
"странные";"довольно-странные";1
"странный";"достаточно-странный";2
"странный";"довольно-странный";1
"странным";"достаточно-странным";2
"странным";"довольно-странным";1
"странных";"достаточно-странных";2
"странных";"довольно-странных";1
"страшная";"дико-страшная";2
"страшная";"адски-страшная";1
"страшнее";"дико-страшнее";2
"страшнее";"адски-страшнее";1
"страшней";"дико-страшней";2
"страшней";"адски-страшней";1
"страшно";"дико-страшно";2
"страшно";"адски-страшно";1
"страшное";"дико-страшное";2
"страшное";"адски-страшное";1
"страшном";"дико-страшном";2
"страшном";"адски-страшном";1
"страшному";"дико-страшному";2
"страшному";"адски-страшному";1
"страшную";"дико-страшную";2
"страшную";"адски-страшную";1
"страшные";"дико-страшные";2
"страшные";"адски-страшные";1
"страшный";"дико-страшный";2
"страшный";"адски-страшный";1
"страшным";"дико-страшным";2
"страшным";"адски-страшным";1
"страшными";"дико-страшными";2
"страшными";"адски-страшными";1
"страшных";"дико-страшных";2
"страшных";"адски-страшных";1
"страшную";"дико-страшную";2
"страшную";"адски-страшную";1
"телевизионная";"документально-телевизионная";3
"телевизионная";"художественно-телевизионная";2
"телевизионная";"исключительно-телевизионная";1
"телевизионное";"документально-телевизионное";3
"телевизионное";"художественно-телевизионное";2
"телевизионное";"исключительно-телевизионное";1
"телевизионной";"документально-телевизионной";3
"телевизионной";"художественно-телевизионной";2
"телевизионной";"исключительно-телевизионной";1
"телевизионном";"документально-телевизионном";3
"телевизионном";"художественно-телевизионном";2
"телевизионном";"исключительно-телевизионном";1
"телевизионному";"документально-телевизионному";3
"телевизионному";"художественно-телевизионному";2
"телевизионному";"исключительно-телевизионному";1
"телевизионные";"документально-телевизионные";3
"телевизионные";"художественно-телевизионные";2
"телевизионные";"исключительно-телевизионные";1
"телевизионный";"документально-телевизионный";3
"телевизионный";"художественно-телевизионный";2
"телевизионный";"исключительно-телевизионный";1
"телевизионным";"документально-телевизионным";3
"телевизионным";"художественно-телевизионным";2
"телевизионным";"исключительно-телевизионным";1
"телевизионными";"документально-телевизионными";3
"телевизионными";"художественно-телевизионными";2
"телевизионными";"исключительно-телевизионными";1
"телевизионных";"документально-телевизионных";3
"телевизионных";"художественно-телевизионных";2
"телевизионных";"исключительно-телевизионных";1
"телевизионную";"документально-телевизионную";3
"телевизионную";"художественно-телевизионную";2
"телевизионную";"исключительно-телевизионную";1
"теплая";"уютно-теплая";2
"теплая";"чертовски-теплая";1
"теплое";"уютно-теплое";2
"теплое";"чертовски-теплое";1
"теплой";"уютно-теплой";2
"теплой";"чертовски-теплой";1
"теплом";"уютно-теплом";2
"теплом";"чертовски-теплом";1
"теплому";"уютно-теплому";2
"теплому";"чертовски-теплому";1
"теплые";"уютно-теплые";2
"теплые";"чертовски-теплые";1
"теплый";"уютно-теплый";2
"теплый";"чертовски-теплый";1
"теплым";"уютно-теплым";2
"теплым";"чертовски-теплым";1
"теплыми";"уютно-теплыми";2
"теплыми";"чертовски-теплыми";1
"теплых";"уютно-теплых";2
"теплых";"чертовски-теплых";1
"теплую";"уютно-теплую";2
"теплую";"чертовски-теплую";1
"типичная";"достаточно-типичная";2
"типичная";"довольно-типичная";1
"типичное";"достаточно-типичное";2
"типичное";"довольно-типичное";1
"типично";"достаточно-типично";2
"типично";"довольно-типично";1
"типичной";"достаточно-типичной";2
"типичной";"довольно-типичной";1
"типичном";"достаточно-типичном";2
"типичном";"довольно-типичном";1
"типичному";"достаточно-типичному";2
"типичному";"довольно-типичному";1
"типичную";"достаточно-типичную";2
"типичную";"довольно-типичную";1
"типичные";"достаточно-типичные";2
"типичные";"довольно-типичные";1
"типичный";"достаточно-типичный";2
"типичный";"довольно-типичный";1
"типичным";"достаточно-типичным";2
"типичным";"довольно-типичным";1
"типичными";"достаточно-типичными";2
"типичными";"довольно-типичными";1
"типичных";"достаточно-типичных";2
"типичных";"довольно-типичных";1
"токсичная";"ядовито-токсичная";3
"токсичная";"опасно-токсичная";2
"токсичная";"сильно-токсичная";1
"токсичное";"ядовито-токсичное";3
"токсичное";"опасно-токсичное";2
"токсичное";"сильно-токсичное";1
"токсично";"ядовито-токсично";3
"токсично";"опасно-токсично";2
"токсично";"сильно-токсично";1
"токсичной";"ядовито-токсичной";3
"токсичной";"опасно-токсичной";2
"токсичной";"сильно-токсичной";1
"токсичном";"ядовито-токсичном";3
"токсичном";"опасно-токсичном";2
"токсичном";"сильно-токсичном";1
"токсичному";"ядовито-токсичному";3
"токсичному";"опасно-токсичному";2
"токсичному";"сильно-токсичному";1
"токсичную";"ядовито-токсичную";3
"токсичную";"опасно-токсичную";2
"токсичную";"сильно-токсичную";1
"токсичные";"ядовито-токсичные";3
"токсичные";"опасно-токсичные";2
"токсичные";"сильно-токсичные";1
"токсичный";"ядовито-токсичный";3
"токсичный";"опасно-токсичный";2
"токсичный";"сильно-токсичный";1
"токсичным";"ядовито-токсичным";3
"токсичным";"опасно-токсичным";2
"токсичным";"сильно-токсичным";1
"токсичными";"ядовито-токсичными";3
"токсичными";"опасно-токсичными";2
"токсичными";"сильно-токсичными";1
"токсичных";"ядовито-токсичных";3
"токсичных";"опасно-токсичных";2
"токсичных";"сильно-токсичных";1
"тонкая";"довольно-тонкая";5
"тонкая";"достаточно-тонкая";4
"тонкая";"микроскопически-тонкая";3
"тонкая";"неимоверно-тонкая";2
"тонкая";"парадоксально-тонкая";1
"тонкие";"довольно-тонкие";5
"тонкие";"достаточно-тонкие";4
"тонкие";"микроскопически-тонкие";3
"тонкие";"неимоверно-тонкие";2
"тонкие";"парадоксально-тонкие";1
"тонкий";"довольно-тонкий";5
"тонкий";"достаточно-тонкий";4
"тонкий";"микроскопически-тонкий";3
"тонкий";"неимоверно-тонкий";2
"тонкий";"парадоксально-тонкий";1
"тонким";"довольно-тонким";5
"тонким";"достаточно-тонким";4
"тонким";"микроскопически-тонким";3
"тонким";"неимоверно-тонким";2
"тонким";"парадоксально-тонким";1
"тонкими";"довольно-тонкими";5
"тонкими";"достаточно-тонкими";4
"тонкими";"микроскопически-тонкими";3
"тонкими";"неимоверно-тонкими";2
"тонкими";"парадоксально-тонкими";1
"тонких";"довольно-тонких";5
"тонких";"достаточно-тонких";4
"тонких";"микроскопически-тонких";3
"тонких";"неимоверно-тонких";2
"тонких";"парадоксально-тонких";1
"тонко";"довольно-тонко";5
"тонко";"достаточно-тонко";4
"тонко";"микроскопически-тонко";3
"тонко";"неимоверно-тонко";2
"тонко";"парадоксально-тонко";1
"тонкое";"довольно-тонкое";5
"тонкое";"достаточно-тонкое";4
"тонкое";"микроскопически-тонкое";3
"тонкое";"неимоверно-тонкое";2
"тонкое";"парадоксально-тонкое";1
"тонком";"довольно-тонком";5
"тонком";"достаточно-тонком";4
"тонком";"микроскопически-тонком";3
"тонком";"неимоверно-тонком";2
"тонком";"парадоксально-тонком";1
"тонкому";"довольно-тонкому";5
"тонкому";"достаточно-тонкому";4
"тонкому";"микроскопически-тонкому";3
"тонкому";"неимоверно-тонкому";2
"тонкому";"парадоксально-тонкому";1
"тонкую";"довольно-тонкую";5
"тонкую";"достаточно-тонкую";4
"тонкую";"микроскопически-тонкую";3
"тонкую";"неимоверно-тонкую";2
"тонкую";"парадоксально-тонкую";1
"тончайшая";"микроскопически-тончайшая";3
"тончайшая";"неимоверно-тончайшая";2
"тончайшая";"парадоксально-тончайшая";1
"тончайшие";"микроскопически-тончайшие";3
"тончайшие";"неимоверно-тончайшие";2
"тончайшие";"парадоксально-тончайшие";1
"тончайший";"микроскопически-тончайший";3
"тончайший";"неимоверно-тончайший";2
"тончайший";"парадоксально-тончайший";1
"тончайшим";"микроскопически-тончайшим";3
"тончайшим";"неимоверно-тончайшим";2
"тончайшим";"парадоксально-тончайшим";1
"тончайшими";"микроскопически-тончайшими";3
"тончайшими";"неимоверно-тончайшими";2
"тончайшими";"парадоксально-тончайшими";1
"тончайших";"микроскопически-тончайших";3
"тончайших";"неимоверно-тончайших";2
"тончайших";"парадоксально-тончайших";1
"тончайше";"микроскопически-тончайше";3
"тончайше";"неимоверно-тончайше";2
"тончайше";"парадоксально-тончайше";1
"тончайшем";"микроскопически-тончайшем";3
"тончайшем";"неимоверно-тончайшем";2
"тончайшем";"парадоксально-тончайшем";1
"тончайшему";"микроскопически-тончайшему";3
"тончайшему";"неимоверно-тончайшему";2
"тончайшему";"парадоксально-тончайшему";1
"тончайшую";"микроскопически-тончайшую";3
"тончайшую";"неимоверно-тончайшую";2
"тончайшую";"парадоксально-тончайшую";1
"точная";"довольно-точная";5
"точная";"достаточно-точная";4
"точная";"микроскопически-точная";3
"точная";"неимоверно-точная";2
"точная";"парадоксально-точная";1
"точно";"довольно-точно";5
"точно";"достаточно-точно";4
"точно";"микроскопически-точно";3
"точно";"неимоверно-точно";2
"точно";"парадоксально-точно";1
"точное";"довольно-точное";5
"точное";"достаточно-точное";4
"точное";"микроскопически-точное";3
"точное";"неимоверно-точное";2
"точное";"парадоксально-точное";1
"точном";"довольно-точном";5
"точном";"достаточно-точном";4
"точном";"микроскопически-точном";3
"точном";"неимоверно-точном";2
"точном";"парадоксально-точном";1
"точному";"довольно-точному";5
"точному";"достаточно-точному";4
"точному";"микроскопически-точному";3
"точному";"неимоверно-точному";2
"точному";"парадоксально-точному";1
"точные";"довольно-точные";5
"точные";"достаточно-точные";4
"точные";"микроскопически-точные";3
"точные";"неимоверно-точные";2
"точные";"парадоксально-точные";1
"точный";"довольно-точный";5
"точный";"достаточно-точный";4
"точный";"микроскопически-точный";3
"точный";"неимоверно-точный";2
"точный";"парадоксально-точный";1
"точным";"довольно-точным";5
"точным";"достаточно-точным";4
"точным";"микроскопически-точным";3
"точным";"неимоверно-точным";2
"точным";"парадоксально-точным";1
"точными";"довольно-точными";5
"точными";"достаточно-точными";4
"точными";"микроскопически-точными";3
"точными";"неимоверно-точными";2
"точными";"парадоксально-точными";1
"точных";"довольно-точных";5
"точных";"достаточно-точных";4
"точных";"микроскопически-точных";3
"точных";"неимоверно-точных";2
"точных";"парадоксально-точных";1
"точную";"довольно-точную";5
"точную";"достаточно-точную";4
"точную";"микроскопически-точную";3
"точную";"неимоверно-точную";2
"точную";"парадоксально-точную";1
"традиционная";"национально-традиционная";3
"традиционная";"обще-традиционная";2
"традиционная";"дружественно-традиционная";1
"традиционно";"национально-традиционно";3
"традиционно";"обще-традиционно";2
"традиционно";"дружественно-традиционно";1
"традиционное";"национально-традиционное";3
"традиционное";"обще-традиционное";2
"традиционное";"дружественно-традиционное";1
"традиционной";"национально-традиционной";3
"традиционной";"обще-традиционной";2
"традиционной";"дружественно-традиционной";1
"традиционном";"национально-традиционном";3
"традиционном";"обще-традиционном";2
"традиционном";"дружественно-традиционном";1
"традиционному";"национально-традиционному";3
"традиционному";"обще-традиционному";2
"традиционному";"дружественно-традиционному";1
"традиционную";"национально-традиционную";3
"традиционную";"обще-традиционную";2
"традиционную";"дружественно-традиционную";1
"традиционные";"национально-традиционные";3
"традиционные";"обще-традиционные";2
"традиционные";"дружественно-традиционные";1
"традиционный";"национально-традиционный";3
"традиционный";"обще-традиционный";2
"традиционный";"дружественно-традиционный";1
"традиционным";"национально-традиционным";3
"традиционным";"обще-традиционным";2
"традиционным";"дружественно-традиционным";1
"традиционными";"национально-традиционными";3
"традиционными";"обще-традиционными";2
"традиционными";"дружественно-традиционными";1
"традиционных";"национально-традиционных";3
"традиционных";"обще-традиционных";2
"традиционных";"дружественно-традиционных";1
"тщательная";"скурпулезно-тщательная";3
"тщательная";"довольно-тщательная";2
"тщательная";"исключительно-тщательная";1
"тщательно";"скурпулезно-тщательно";3
"тщательно";"довольно-тщательно";2
"тщательно";"исключительно-тщательно";1
"тщательное";"скурпулезно-тщательное";3
"тщательное";"довольно-тщательное";2
"тщательное";"исключительно-тщательное";1
"тщательном";"скурпулезно-тщательном";3
"тщательном";"довольно-тщательном";2
"тщательном";"исключительно-тщательном";1
"тщательному";"скурпулезно-тщательному";3
"тщательному";"довольно-тщательному";2
"тщательному";"исключительно-тщательному";1
"тщательные";"скурпулезно-тщательные";3
"тщательные";"довольно-тщательные";2
"тщательные";"исключительно-тщательные";1
"тщательный";"скурпулезно-тщательный";3
"тщательный";"довольно-тщательный";2
"тщательный";"исключительно-тщательный";1
"тщательных";"скурпулезно-тщательных";3
"тщательных";"довольно-тщательных";2
"тщательных";"исключительно-тщательных";1
"тщательными";"скурпулезно-тщательными";3
"тщательными";"довольно-тщательными";2
"тщательными";"исключительно-тщательными";1
"тщательную";"скурпулезно-тщательную";3
"тщательную";"довольно-тщательную";2
"тщательную";"исключительно-тщательную";1
"тяжелая";"удельно-тяжелая";4
"тяжелая";"увесисто-тяжелая";3
"тяжелая";"свинцово-тяжелая";2
"тяжелая";"неподъемно-тяжелая";1
"тяжело";"удельно-тяжело";4
"тяжело";"увесисто-тяжело";3
"тяжело";"свинцово-тяжело";2
"тяжело";"неподъемно-тяжело";1
"тяжелое";"удельно-тяжелое";4
"тяжелое";"увесисто-тяжелое";3
"тяжелое";"свинцово-тяжелое";2
"тяжелое";"неподъемно-тяжелое";1
"тяжелом";"удельно-тяжелом";4
"тяжелом";"увесисто-тяжелом";3
"тяжелом";"свинцово-тяжелом";2
"тяжелом";"неподъемно-тяжелом";1
"тяжелому";"удельно-тяжелому";4
"тяжелому";"увесисто-тяжелому";3
"тяжелому";"свинцово-тяжелому";2
"тяжелому";"неподъемно-тяжелому";1
"тяжелые";"удельно-тяжелые";4
"тяжелые";"увесисто-тяжелые";3
"тяжелые";"свинцово-тяжелые";2
"тяжелые";"неподъемно-тяжелые";1
"тяжелый";"удельно-тяжелый";4
"тяжелый";"увесисто-тяжелый";3
"тяжелый";"свинцово-тяжелый";2
"тяжелый";"неподъемно-тяжелый";1
"тяжелых";"удельно-тяжелых";4
"тяжелых";"увесисто-тяжелых";3
"тяжелых";"свинцово-тяжелых";2
"тяжелых";"неподъемно-тяжелых";1
"тяжелым";"удельно-тяжелым";4
"тяжелым";"увесисто-тяжелым";3
"тяжелым";"свинцово-тяжелым";2
"тяжелым";"неподъемно-тяжелым";1
"тяжелыми";"удельно-тяжелыми";4
"тяжелыми";"увесисто-тяжелыми";3
"тяжелыми";"свинцово-тяжелыми";2
"тяжелыми";"неподъемно-тяжелыми";1
"тяжелую";"удельно-тяжелую";4
"тяжелую";"увесисто-тяжелую";3
"тяжелую";"свинцово-тяжелую";2
"тяжелую";"неподъемно-тяжелую";1
"уважаемая";"признанно-уважаемая";3
"уважаемая";"заслуженно-уважаемая";2
"уважаемая";"всенародно-уважаемая";1
"уважаемом";"признанно-уважаемом";3
"уважаемом";"заслуженно-уважаемом";2
"уважаемом";"всенародно-уважаемом";1
"уважаемому";"признанно-уважаемому";3
"уважаемому";"заслуженно-уважаемому";2
"уважаемому";"всенародно-уважаемому";1
"уважаемую";"признанно-уважаемую";3
"уважаемую";"заслуженно-уважаемую";2
"уважаемую";"всенародно-уважаемую";1
"уважаемые";"признанно-уважаемые";3
"уважаемые";"заслуженно-уважаемые";2
"уважаемые";"всенародно-уважаемые";1
"уважаемым";"признанно-уважаемым";3
"уважаемым";"заслуженно-уважаемым";2
"уважаемым";"всенародно-уважаемым";1
"уважаемыми";"признанно-уважаемыми";3
"уважаемыми";"заслуженно-уважаемыми";2
"уважаемыми";"всенародно-уважаемыми";1
"уважаемых";"признанно-уважаемых";3
"уважаемых";"заслуженно-уважаемых";2
"уважаемых";"всенародно-уважаемых";1
"удаленная";"довольно-удаленная";4
"удаленная";"практически-удаленная";3
"удаленная";"достаточно-удаленная";2
"удаленная";"неимоверно-удаленная";1
"удаленно";"довольно-удаленно";4
"удаленно";"практически-удаленно";3
"удаленно";"достаточно-удаленно";2
"удаленно";"неимоверно-удаленно";1
"удаленное";"довольно-удаленное";4
"удаленное";"практически-удаленное";3
"удаленное";"достаточно-удаленное";2
"удаленное";"неимоверно-удаленное";1
"удаленном";"довольно-удаленном";4
"удаленном";"практически-удаленном";3
"удаленном";"достаточно-удаленном";2
"удаленном";"неимоверно-удаленном";1
"удаленному";"довольно-удаленному";4
"удаленному";"практически-удаленному";3
"удаленному";"достаточно-удаленному";2
"удаленному";"неимоверно-удаленному";1
"удаленные";"довольно-удаленные";4
"удаленные";"практически-удаленные";3
"удаленные";"достаточно-удаленные";2
"удаленные";"неимоверно-удаленные";1
"удаленный";"довольно-удаленный";4
"удаленный";"практически-удаленный";3
"удаленный";"достаточно-удаленный";2
"удаленный";"неимоверно-удаленный";1
"удаленным";"довольно-удаленным";4
"удаленным";"практически-удаленным";3
"удаленным";"достаточно-удаленным";2
"удаленным";"неимоверно-удаленным";1
"удаленных";"довольно-удаленных";4
"удаленных";"практически-удаленных";3
"удаленных";"достаточно-удаленных";2
"удаленных";"неимоверно-удаленных";1
"удаленными";"довольно-удаленными";4
"удаленными";"практически-удаленными";3
"удаленными";"достаточно-удаленными";2
"удаленными";"неимоверно-удаленными";1
"удаленную";"довольно-удаленную";4
"удаленную";"практически-удаленную";3
"удаленную";"достаточно-удаленную";2
"удаленную";"неимоверно-удаленную";1
"удивлённая";"неимоверно-удивлённая";4
"удивлённая";"необыкновенно-удивлённая";3
"удивлённая";"исключительно-удивлённая";2
"удивлённая";"загадочно-удивлённая";1
"удивлённо";"неимоверно-удивлённо";4
"удивлённо";"необыкновенно-удивлённо";3
"удивлённо";"исключительно-удивлённо";2
"удивлённо";"загадочно-удивлённо";1
"удивлённом";"неимоверно-удивлённом";4
"удивлённом";"необыкновенно-удивлённом";3
"удивлённом";"исключительно-удивлённом";2
"удивлённом";"загадочно-удивлённом";1
"удивлённому";"неимоверно-удивлённому";4
"удивлённому";"необыкновенно-удивлённому";3
"удивлённому";"исключительно-удивлённому";2
"удивлённому";"загадочно-удивлённому";1
"удивлённую";"неимоверно-удивлённую";4
"удивлённую";"необыкновенно-удивлённую";3
"удивлённую";"исключительно-удивлённую";2
"удивлённую";"загадочно-удивлённую";1
"удивлённые";"неимоверно-удивлённые";4
"удивлённые";"необыкновенно-удивлённые";3
"удивлённые";"исключительно-удивлённые";2
"удивлённые";"загадочно-удивлённые";1
"удивлённый";"неимоверно-удивлённый";4
"удивлённый";"необыкновенно-удивлённый";3
"удивлённый";"исключительно-удивлённый";2
"удивлённый";"загадочно-удивлённый";1
"удивлённым";"неимоверно-удивлённым";4
"удивлённым";"необыкновенно-удивлённым";3
"удивлённым";"исключительно-удивлённым";2
"удивлённым";"загадочно-удивлённым";1
"удивлённых";"неимоверно-удивлённых";4
"удивлённых";"необыкновенно-удивлённых";3
"удивлённых";"исключительно-удивлённых";2
"удивлённых";"загадочно-удивлённых";1
"уютная";"довольно-уютная";2
"уютная";"достаточно-уютная";1
"уютно";"довольно-уютно";2
"уютно";"достаточно-уютно";1
"уютное";"довольно-уютное";2
"уютное";"достаточно-уютное";1
"уютной";"довольно-уютной";2
"уютной";"достаточно-уютной";1
"уютном";"довольно-уютном";2
"уютном";"достаточно-уютном";1
"уютному";"довольно-уютному";2
"уютному";"достаточно-уютному";1
"уютные";"довольно-уютные";2
"уютные";"достаточно-уютные";1
"уютный";"довольно-уютный";2
"уютный";"достаточно-уютный";1
"уютным";"довольно-уютным";2
"уютным";"достаточно-уютным";1
"уютными";"довольно-уютными";2
"уютными";"достаточно-уютными";1
"уютных";"довольно-уютных";2
"уютных";"достаточно-уютных";1
"уютную";"довольно-уютную";2
"уютную";"достаточно-уютную";1
"физическая";"тяжело-физическая";2
"физическая";"исключительно-физическая";1
"физически";"тяжело-физически";2
"физически";"исключительно-физически";1
"физическом";"тяжело-физическом";2
"физическом";"исключительно-физическом";1
"физическому";"тяжело-физическому";2
"физическому";"исключительно-физическому";1
"физическм";"тяжело-физическм";2
"физическм";"исключительно-физическм";1
"физическми";"тяжело-физическми";2
"физическми";"исключительно-физическми";1
"физическую";"тяжело-физическую";2
"физическую";"исключительно-физическую";1
"физическх";"тяжело-физическх";2
"физическх";"исключительно-физическх";1
"цел";"обще-цел";5
"цел";"банально-цел";4
"цел";"собрано-цел";3
"цел";"собранно-цел";2
"цел";"слитно-цел";1
"целая";"обще-целая";5
"целая";"банально-целая";4
"целая";"собрано-целая";3
"целая";"собранно-целая";2
"целая";"слитно-целая";1
"цело";"обще-цело";5
"цело";"банально-цело";4
"цело";"собрано-цело";3
"цело";"собранно-цело";2
"цело";"слитно-цело";1
"целое";"обще-целое";5
"целое";"банально-целое";4
"целое";"собрано-целое";3
"целое";"собранно-целое";2
"целое";"слитно-целое";1
"целой";"обще-целой";5
"целой";"банально-целой";4
"целой";"собрано-целой";3
"целой";"собранно-целой";2
"целой";"слитно-целой";1
"целом";"обще-целом";5
"целом";"банально-целом";4
"целом";"собрано-целом";3
"целом";"собранно-целом";2
"целом";"слитно-целом";1
"целому";"обще-целому";5
"целому";"банально-целому";4
"целому";"собрано-целому";3
"целому";"собранно-целому";2
"целому";"слитно-целому";1
"целые";"обще-целые";5
"целые";"банально-целые";4
"целые";"собрано-целые";3
"целые";"собранно-целые";2
"целые";"слитно-целые";1
"целый";"обще-целый";5
"целый";"банально-целый";4
"целый";"собрано-целый";3
"целый";"собранно-целый";2
"целый";"слитно-целый";1
"целым";"обще-целым";5
"целым";"банально-целым";4
"целым";"собрано-целым";3
"целым";"собранно-целым";2
"целым";"слитно-целым";1
"целых";"обще-целых";5
"целых";"банально-целых";4
"целых";"собрано-целых";3
"целых";"собранно-целых";2
"целых";"слитно-целых";1
"целую";"обще-целую";5
"целую";"банально-целую";4
"целую";"собрано-целую";3
"целую";"собранно-целую";2
"целую";"слитно-целую";1
"центральная";"практически-центральная";2
"центральная";"исключительно-центральная";1
"центральной";"практически-центральной";2
"центральной";"исключительно-центральной";1
"центральном";"практически-центральном";2
"центральном";"исключительно-центральном";1
"центральному";"практически-центральному";2
"центральному";"исключительно-центральному";1
"центральные";"практически-центральные";2
"центральные";"исключительно-центральные";1
"центральным";"практически-центральным";2
"центральным";"исключительно-центральным";1
"центральными";"практически-центральными";2
"центральными";"исключительно-центральными";1
"центральных";"практически-центральных";2
"центральных";"исключительно-центральных";1
"центральную";"практически-центральную";2
"центральную";"исключительно-центральную";1
"цветочная";"декоративно-цветочная";
"цветочное";"декоративно-цветочное";
"цветочном";"декоративно-цветочном";
"цветочному";"декоративно-цветочному";
"цветочную";"декоративно-цветочную";
"цветочные";"декоративно-цветочные";
"цветочный";"декоративно-цветочный";
"цветочным";"декоративно-цветочным";
"цветочными";"декоративно-цветочными";
"цветочных";"декоративно-цветочных";
"частичная";"банально-частичная";3
"частичная";"дроблено-частичная";2
"частичная";"разбито-частичная";1
"частичное";"банально-частичное";3
"частичное";"дроблено-частичное";2
"частичное";"разбито-частичное";1
"частично";"банально-частично";3
"частично";"дроблено-частично";2
"частично";"разбито-частично";1
"частичной";"банально-частичной";3
"частичной";"дроблено-частичной";2
"частичной";"разбито-частичной";1
"частичном";"банально-частичном";3
"частичном";"дроблено-частичном";2
"частичном";"разбито-частичном";1
"частичному";"банально-частичному";3
"частичному";"дроблено-частичному";2
"частичному";"разбито-частичному";1
"частичную";"банально-частичную";3
"частичную";"дроблено-частичную";2
"частичную";"разбито-частичную";1
"частичные";"банально-частичные";3
"частичные";"дроблено-частичные";2
"частичные";"разбито-частичные";1
"частичный";"банально-частичный";3
"частичный";"дроблено-частичный";2
"частичный";"разбито-частичный";1
"частичным";"банально-частичным";3
"частичным";"дроблено-частичным";2
"частичным";"разбито-частичным";1
"частичных";"банально-частичных";3
"частичных";"дроблено-частичных";2
"частичных";"разбито-частичных";1
"юридическая";"право-юридическая";3
"юридическая";"законно-юридическая";2
"юридическая";"конституционно-юридическая";1
"юридический";"право-юридический";3
"юридический";"законно-юридический";2
"юридический";"конституционно-юридический";1
"юридическим";"право-юридическим";3
"юридическим";"законно-юридическим";2
"юридическим";"конституционно-юридическим";1
"юридическими";"право-юридическими";3
"юридическими";"законно-юридическими";2
"юридическими";"конституционно-юридическими";1
"юридическое";"право-юридическое";3
"юридическое";"законно-юридическое";2
"юридическое";"конституционно-юридическое";1
"юридическом";"право-юридическом";3
"юридическом";"законно-юридическом";2
"юридическом";"конституционно-юридическом";1
"юридическому";"право-юридическому";3
"юридическому";"законно-юридическому";2
"юридическому";"конституционно-юридическому";1
"юридическую";"право-юридическую";3
"юридическую";"законно-юридическую";2
"юридическую";"конституционно-юридическую";1